{"cameraMode":{"drawMode":0,"name":"Shaded","section":"Shading Mode"},"sceneLighting":false,"audioPlay":false,"sceneViewState":{"m_AlwaysRefresh":false,"showFog":true,"showSkybox":false,"showFlares":true,"showImageEffects":true,"showParticleSystems":true,"showVisualEffectGraphs":true,"m_FxEnabled":true},"in2DMode":false,"pivot":{"x":29.690000534057618,"y":7.46999979019165,"z":-25.489999771118165},"rotation":{"x":-0.01892588473856449,"y":0.9207726120948792,"z":0.04506136104464531,"w":0.38721907138824465},"size":0.7189602851867676,"orthographic":false}