{"cameraMode":{"drawMode":0,"name":"Shaded","section":"Shading Mode"},"sceneLighting":false,"audioPlay":false,"sceneViewState":{"m_AlwaysRefresh":false,"showFog":true,"showSkybox":false,"showFlares":true,"showImageEffects":true,"showParticleSystems":true,"showVisualEffectGraphs":true,"m_FxEnabled":true},"in2DMode":false,"pivot":{"x":5.4300031661987309,"y":6.057554244995117,"z":-0.5074214935302734},"rotation":{"x":0.015777021646499635,"y":0.978724479675293,"z":0.18841345608234406,"w":-0.08146538585424423},"size":5.420311450958252,"orthographic":false}