{"cameraMode":{"drawMode":0,"name":"Shaded","section":"Shading Mode"},"sceneLighting":false,"audioPlay":false,"sceneViewState":{"m_AlwaysRefresh":false,"showFog":true,"showSkybox":false,"showFlares":true,"showImageEffects":true,"showParticleSystems":true,"showVisualEffectGraphs":true,"m_FxEnabled":true},"in2DMode":false,"pivot":{"x":90.30122375488281,"y":-3.1372528076171877,"z":-40.233055114746097},"rotation":{"x":0.12207809835672379,"y":-0.3523216247558594,"z":0.04603571072220802,"w":0.9270200133323669},"size":32.891502380371097,"orthographic":false}