{"cameraMode":{"drawMode":0,"name":"Shaded","section":"Shading Mode"},"sceneLighting":true,"audioPlay":false,"sceneViewState":{"m_AlwaysRefresh":false,"showFog":true,"showSkybox":true,"showFlares":true,"showImageEffects":true,"showParticleSystems":true,"showVisualEffectGraphs":true,"m_FxEnabled":true},"in2DMode":false,"pivot":{"x":0.6508795022964478,"y":3.1138572692871095,"z":-7.659941673278809},"rotation":{"x":-0.08665790408849716,"y":0.6868958473205566,"z":-0.08303932100534439,"w":-0.7168015837669373},"size":11.053441047668457,"orthographic":false}