{"cameraMode":{"drawMode":0,"name":"Shaded","section":"Shading Mode"},"sceneLighting":true,"audioPlay":false,"sceneViewState":{"m_AlwaysRefresh":false,"showFog":true,"showSkybox":true,"showFlares":true,"showImageEffects":true,"showParticleSystems":true,"showVisualEffectGraphs":true,"m_FxEnabled":true},"in2DMode":false,"pivot":{"x":46.64451217651367,"y":1.3818265199661255,"z":-77.67305755615235},"rotation":{"x":0.016071608290076257,"y":0.9624300599098206,"z":-0.0584038645029068,"w":0.26480725407600405},"size":26.04128074645996,"orthographic":false}