{"cameraMode":{"drawMode":0,"name":"Shaded","section":"Shading Mode"},"sceneLighting":true,"audioPlay":false,"sceneViewState":{"m_AlwaysRefresh":false,"showFog":true,"showSkybox":true,"showFlares":true,"showImageEffects":true,"showParticleSystems":true,"showVisualEffectGraphs":true,"m_FxEnabled":true},"in2DMode":false,"pivot":{"x":12.038246154785157,"y":4.0497145652771,"z":-2.0795459747314455},"rotation":{"x":-0.011690665036439896,"y":-0.014071518555283547,"z":-0.0001692671503406018,"w":0.9999976754188538},"size":2.3618967533111574,"orthographic":false}